,content,time
0,幸而大雾四起，隐匿了我对你的爱,1609146203884
1,小鲸，别唤了，就算你再替我招来多少云雾，她也不会从雾里走出来。,1609145818175
2,很喜欢导航的一句话 您已偏离路线 请重新规划路线 在合适位置掉头,1609145734238
3,互相喜欢这个事有些不容易,1609145635762
4,“这次，我站在雾里，连自己都看不清，原来执着太久的东西，本来就没有意义”,1609145581974
5,疼,1609145574359
6,相信你们会在一起的，加油要幸福哦,1609145462086
7,那天起雾了 我在车窗上写了他的名字 后来雾散了 他也离开了,1609145446940
8,那天的雾散了 不止是雾,1609145088699
9,不是为了上王牌才和你打游戏……是为了和在你一起的时间多一点才玩的游戏……,1609145065666
10,我听到鲸鱼的叫声突然就（哼哼）,1609145035523
11,我的王者ID：雾起爱意平,1609144923135
12,希望她不负你,1609144229950
13,有没有觉得像生日快乐劳伦斯先生,1609143965589
14,也只有在四下无人之际、才敢承认自己对你的爱意。,1609143878988
15,女孩子就应该打扮的漂漂亮亮，和志同道合的人一起玩，为让自己高兴，而不是和那些阿猫阿狗抢垃圾吃.[叉],1609143815639
16,致敬每一份勇敢的爱意,1609143768276
17,时常觉得自己是个很奇怪的生物。有时候明明有很多很多委屈，可是为什么只要有人跟我讲道理，我就觉得什么都是自己的错？,1609143624253
18,“你连原因都没有说 就开始疏远我 次次都是”,1609143551279
19,有时候啊，我们站在田野中眺望，只觉得远方城市的霓虹灯绚烂夺目，诱人，使人向往，可每当接近才发现它其实好普通。,1609143545314
20,太喜欢鲸,1609143327188
21,大雾散了，但找不到你了,1609143320167
22,这个词共情力十足,1609143227785
23,有情人终成眷属.,1609143219121
24,想问问你们两个要那个了 怎么搞的,1609143133848
25,在雾中看花，雾因花而美丽，花因雾而朦胧。,1609141493411
26,"@养猪致富的可可 大雾四起 我在无人处爱你
大雾散尽 我爱你人尽皆知
云雾散尽 我爱你从未停息
云雾缥渺 世人皆知我爱你
大雾四起遮住了 我对你的爱意
我不怪你 我怪大雾四起",1609141358191
27,歌词···emmmmm···,1609141230346
28,日落星起，愿佳人依旧,1609141062665
29,"是雾太浓，还是爱太浅
都不是，是他从未爱过我",1609140794894
30,憧憬-爱，相拥-爱，若即若离-爱，哭泣-爱，别离-爱……原谅我，至今，我仍然不愿相信，我只是云端备份的数据，可，真的爱你。。。,1609140650105
31,"“I'm not happy beca se”
我不开心，因为没有你。",1609140403013
32,“乌鸦讲了情话，铁树开了花”,1609140190168
33, 以后的日子，祝你早安午安晚安,1609140160110
34,前奏的鲸鸣好绝,1609140103794
35,那一刻你心里有场海啸，可你静静站着，没有让任何人知道。,1609139173400
36,后来一起想想原来我也有过穿过风雨来见我的男孩子,1609138394320
37,有时候暗恋对另一个人来说也挺好,1609138315921
38,其实也不知道为什么，明明就和她一起很快乐，不知道她是怎样的人，就觉得她很好，刚开始不知道她的声音她的长相她的性别，可就是在一起了，明明就好好的，突然就找不到你了，真的憨死了,1609138303225
39,我时常想起，偶尔回忆，努力忘记。,1609138071484
40,我永远改不掉一不开心就不说话。,1609138024402
41,暗恋就是，暗地里盖一座城堡🏰,1609138006788
42,你在我后半生的城里长生不老。,1609137971157
43,一定会的，99啊！,1609137852210
44,是的哦～我超喜欢,1609137825741
45,你知道吗？开头是鲸鱼在死之前的叫声,1609137618245
46,只怪大雾四起，爱得太重太满。,1609137238601
47,我与他隔着长风深谷 近不得 退不舍。,1609137084310
48,说穷吧还有班上，说懒吧每天早出晚归，说傻吧事事都还明白，感觉已经拼尽全力但还是事与愿违，这扯淡的人生...,1609136367903
49,祝你幸福[星星][星星],1609136348488
50,"“大雾四起  遮住了我对你的爱意 我不怪你 我怪大雾四起 ”
一直觉得这句话讲的是自卑的暗恋者，大雾代表着我的自卑，我不怪你，我怪大雾四起",1609136326200
51,我喜欢安静 却生活在热闹里,1609136241860
52,祝你幸福  坚持下去就会有好结果,1609136238799
53,"“试着销声匿迹,原来真的无人问津。”",1609136179935
54,大雾四起  我终于可以放开你了,1609136084676
55,你要幸福哦,1609136081260
56,大雾四起 我爱你人尽皆知,1609135896450
57,我的男孩很爱我的男孩.,1609135016300
58,开头是🐳的声音么？,1609134958530
59,只有在大雾中才能表达的爱意 我又怎么敢真正的告诉大家我喜欢你,1609134775355
60,我也只是喜欢她而已。和性别没有关系呀。,1609134425345
61,只敢偷偷跟在你身后，你一回头，我便躲起，如此而已。,1609134330880
62,加油哦。你不是一个人。,1609134246672
63,一定可以的,1609133734151
64,大雾四起，你能找到我吗，我能看清你吗。,1609133661847
65,还好大雾四起   我还能把你偷偷藏在这雾里,1609133643267
66,一旦有一个人注意了你的情绪 你会发现你眼泪会止不住的哭,1609133610576
67,大雾四起，你能找到我吗。我能看清你吗？,1609133458926
68,我们必须全力以赴，同时又不抱持任何希望。不管做什么事，都要当它是全世界最重要的一件事，但同时又知道这件事根本无关紧要。,1609133309866
69,一起听歌[星星],1609133269699
70,我处理情绪的方式安静独处和反复斟酌,1609133244696
71,求求老天淋湿我的双眼冰冻我的心,1609133039677
72,我会努力向你奔去，你不用回过头等我，我会一直守护你，愿我和你永远长久,1609133008852
73,大雾四起遮住了我对你的爱意，我不怪你，我只怪大雾四起。,1609132939974
74,我想过很多原因，最后你跟我解释你是和兄弟打的赌，我原谅你了，你的兄弟告诉我，你喜欢我，我很吃惊，纠结了很久，最后跟你表白了，你也答应了,1609132868841
75,又能怎样吹散大雾,1609132845210
76,看评论好像是看每一个自己,1609132825529
77,拨开大雾，寻找曾经的那个她。,1609132758987
78,[口罩]别大雾了，临沂都第一名啦,1609132687989
79,我的目光总是会被你吸引过去，加到你QQ时候，我特别开心，我想着，就这样好好守护你吧，你总是找我聊天，没有及时回信息也会跟我说你干嘛去了，我觉得很幸福。可是，好景不长，你说你有了女朋友，那几天我魂不守舍的，眼泪总是莫名流下来,1609132659433
80,就算没有雾……,1609132649070
81,我爱你，开学看到你的班级就在我的班旁边的那个时候，我特别开心，后来我当上了英语课代表，就总是用各种借口从你的教室经过，在门口寻找你的身影。放学的时候，我总是会去看看你的单车在不在，看看你有没有走，和朋友一起回家等红绿灯的时候，总是会寻找你，在和朋友聊天的时候,1609132348883
82,这次 我站在雾里 连自己都看不清 原来执着太久的东西 本就没有意义,1609132284963
83,一定会幸福的 祝福你呀~,1609132211523
84,生日快乐呀,1609132064910
85,你别怪我，是我愿意,1609131998203
86,大雾四起，我在无人之处爱你,1609131982936
87,大雾四起的季节，我隐匿了对你的爱意,1609131973911
88,加油吖,1609131928695
89,要99吖，一定会幸福的,1609131910817
90,不怪你，怪大雾四起。,1609131871056
91,努力试着忘记，可是大雾四起，眼里全是你。,1609131839516
92,想问下广大网友，怎么让自己变得快乐,1609131808106
93,切记——不要隔着屏幕对别人产生好感,1609131483277
94,一定要幸福！,1609131292606
95,“还好大雾四起，藏匿难言爱意”,1609131267577
96,大雾四起 藏住了你的爱意 不怪你,1609131192613
97,"大雾四起 我在无人处爱你
大雾散去 我爱你人尽皆知
雾起雾散 但我会一直爱你",1609131004774
98,希望你在俄罗斯不要碰到疫情。祝安好。,1609130854581
99,他住在我心里的无人区,1609130664851
100,十八九岁的年纪，还会因为成绩不好而失落。,1609130581903
101,我打算不表白吧，毕竟我跟她年龄一言难尽，她也有更多不懂我，我打算等我真的确定了再表白,1609130433524
102,花非花，雾非雾，我把它藏在眼里鼻里心里的雾里，后来才知那爱意痛悟，你不曾体会，我也一知半解。,1609130371538
103,不太明白，两个女孩子成为闺蜜和在一起的区别大吗。,1609130215285
104,"大雾四起，我在无人处爱你
星河浪漫，时间终结处等你",1609130077511
105,这一次，换你心动,1609130007860
106,"没有什么圈子
分不清htp
但是我知道喜欢和性别没关系
我们一起去更远的地方",1609129673426
107,我加上一个大一的学妹，跟她聊了很多天，聊的越来越暧昧，我承认，她的可爱，我真的好喜欢，突然有一天晚上，我在吃晚饭，她发消息跟我说，学长，我有男朋友了。我瞬间不想吃了，那种感觉就像很重要的东西突然失去了，可仔细想想，我根本从来没有拥有过，又何谈失去呢，不过是我自己一人自作多情罢了,1609129527459
108,还是没有习惯，没有你在身边,1609129453000
109,起雾了，我站在雾里我连自己都看清。,1609129372344
110,好在大雾四起藏匿了我的爱，若不到万不得已我是不会说的，就让它继续藏在大雾里吧[哀伤][大哭],1609129365833
111,什么是爱   是我爱她还是她爱我为什么我付出全部最后还是输,1609129036587
112,大雾四起,1609128864344
113,渐渐的变成了这样的状态，没有喜欢的人，也不知道喜欢是什么感觉了，我也不知道这样到底是好还是不好呢，管他呢，爱自己，做自己，只要不碰爱情，我就百毒不侵。,1609128825437
114,这次我站在雾里 看不清自己,1609128705730
115,歪，到这个月末就是我喜欢你的第300天了，如果还得不到回应我可真的要走了，你可要想好了哦！,1609128613990
116,还好大雾四起，否则爱意难匿。,1609128517573
117,〈P〉失恋的人的伤心大多不是因为恋人的离开，而是因为自己对自己处境的同情和怜悯。 〈/P〉,1609128455060
118,要99啊,1609128417013
119,你太坏了。当你遇到一个你很爱很爱的人，你要知道，你的报应来了。。。,1609128198188
120,〈P〉我是一个任性的孩子，我想擦去一切不幸，我想在大地上，画满窗子，让所有习惯黑暗的眼睛都习惯光明。〈/P〉,1609128133110
121,我用什么才能留住你,1609128082347
122,再也不会喜欢你了。你觉得我这句话是什么意思。。。,1609128072413
123,今天早上的雾散了  不止早上  不止雾,1609127986572
124,大雾四起你看不见我，没关系，我怪大雾四起,1609127696008
125,小手一牵 陪你今年 明年 后年 年年 今天 明天 后天 天天.,1609127566199
126,最近早上都是大雾天 太应景了,1609127041200
127,我不喜欢在大雾中被爱，我看不清,1609127025165
128,这是专属博肖的，看到这么多人都拿去讲男女之间，挺难受,1609127004391
129,我不确定这首歌写的是关于什么的，如果发言不妥当告诉我我删,1609126926208
130,心都被揪了起来的感觉,1609126881941
131,“大雾四起，我在无人处爱你”这个歌词明明是讲博肖的.......而且出自小说《他住在我心中的无人区》不是讲男女情感的谢谢,1609126809054
132,这一次我站在雾里 连自己都看不清,1609126808604
133,那是鲸叫…哈哈哈我也听成狗叫过,1609126699759
134,开头的鲸鱼声音好吓人啊,1609126507547
135,乌烟瘴气我不想出去,1609126008941
136,我一定要考上他上的那所211，亲手拨开大雾，为了那个暗恋5年的他变得更优秀，我将永远所向无敌[星星],1609125756963
137,以光之名，与你相遇，加油，祝99，等你的喜糖哈哈哈,1609125735037
138,怎么听到背景里有狗嚎叫的声音？难道是我出现幻听了？,1609125673148
139,我整夜阑珊满脑子是你 这才知道什么叫做着迷,1609125519386
140,[哀伤],1609125315967
141,我不怪你，怪大雾四起,1609125105113
142,要一直在一起啊,1609124981993
143,世界有多两个单身狗[大哭],1609124960904
144,这是原唱吗？😭,1609124948790
145,我在无人处爱你，云雾散尽，我爱你人尽皆知 ,1609124614912
146,总会有人照顾你 感受到那些被温柔覆盖 欣赏你这不为人知的小角落  抱抱🤗,1609124463255
147,听睡着了,1609124235858
148,原谅我看到这里破涕而笑,1609124209397
149,我也是，我们在一起一年多啦，你们加油！[多多大笑],1609124151606
150,我不喜欢在雾里被爱因为什么都看不到,1609124091965
151,你看这大雾，遮住了我的爱,1609123691489
152,大雾四起 藏匿难言爱意,1609123580043
153,“大雾四起，我在无人处爱你，云雾散尽，我爱你人尽皆知”,1609123568816
154,大雾四起  我在无人处爱你,1609123562933
155,不说就是最后的答案吧,1609123388167
156,今天苏州起很大的雾,1609123338480
157,大雾四起人尽皆知,1609123332001
158,祝你们幸福,1609123223959
159,我家媳妇以前什么活都不干，自从跟了我，每天做饭、洗衣服什么活都干，我说这个不是想炫耀我调教的有多好，而是你要想听，我还可以继续编。[奸笑][奸笑],1609123090454
160,确认了开场是鲸类的声音，天呐,1609122795619
161,现在这个世界对txl还是有很多异样的眼光，生而为人也不可能真的不在意世俗的眼光，但请你相信还是有人在默默支持你们的，但如果真的累了，就停下歇一歇，我们永远支持你，加油哦,1609122777694
162,我的温暖你的冷漠让爱起雾了,1609122337532
163,对于这点永远不要坚信 因为你永远不知道下一秒会发生什么 你要相信一个过来人的经验 尤其想我们这样的拉拉,1609122114897
164,送给我暗恋的男孩👦🏻,1609122101164
165,我在山东日照，此时正大雾四起,1609122055147
166,我以为你会和我一样念念不忘 后来的后来我发现原来只是我一个人意难平啊 生活果真不会因为失去谁就变得好遗憾 我还是要生活的,1609121929111
167,我也爱你,1609121795512
168,"大雾四起 偷偷藏匿

我在无人处爱你

大雾散去 人尽皆知我爱你

穿过风雨 小心翼翼

害怕惊扰你",1609121494381
169,@绮寽 我爱你,1609121020346
170,大雾四起四处寻你，大物散去却不见你,1609120670831
171,"快乐其实很简单，但你为什么不快乐?因为你连简单的事都做不好。
原来快乐也有四要素：可以改变的去改变，不可改变的去改善，不能改善的去承担，不能承担的就放下",1609120181639
172,若相见者，千山可跋，万水可涉，大雾皆散！,1609120161899
173,大雾四起  藏匿了我对你所以的爱  大雾散去  怪我自己没有胆量承认爱你,1609120159363
174,我在成都的大雾里思念你,1609120156936
175,好听,1609119984646
176,暗恋真是件痛苦的事情，想不断接近她又不想让他知道。最后她······还是没跟我在一起，她喜欢喝杨枝甘露，会因一点小事生气，跑来跟你倾诉，她是个温柔可爱美丽的女孩子。我喜欢你，不过这次不是你啦。[可爱]希望你幸福。,1609119917335
177,我有预感 会见面的,1609119834696
178,"大雾四起 我和你一起
大雾散尽 我们爱情不留痕迹
大雾预警 期待你的降临",1609119782231
179,人尽皆知 我爱你 🦁,1609119677641
180,怎么讲 讲什么 跟谁讲,1609119375702
181,一直在等你，但明知道你不会回来，我还在偷偷的告诉自己，你一定会回来的，哈哈哈哈。,1609119082191
182,终究还是意难平,1609118930553
183,在等花败也在等花开。,1609118916777
184,我站在雾里 连自己也看不清,1609118910725
185,告诉你们一个小秘密在这条评论上用手指从中间往两边划会有惊喜哦,1609118830117
186,我好想他,1609118747258
187,大雾四起我还爱你,1609118738600
188,我们要一直一直在一起@信哥哥520,1609118666357
189,我可以给你一百朵关于蔷薇的回忆，却没有勇气献给你一束玫瑰。,1609118290772
190,"年年有雾 雾吹年年 叁叁即散散 散散亦人生.
年年有风 风吹年年 慢慢即漫漫 漫漫亦灿灿",1609118213622
191,原来替对方考虑的太多从来不是好事，吗？,1609118152593
192,希望有人能好好地爱我，爱你,1609118075713
193,"我翻山越岭，我跋山涉水，我把要对你的话排练了几百次。
可偏偏我太了解你，因为你等的人不是我，所以我不想告诉你。",1609118012937
194,大雾四起我在无人处爱你,1609117675663
195,我与旧事归于尽 来年依旧迎花开,1609117641733
196,想哭,1609117611744
197,你会不会在某个深夜里突然醒来，后悔没有好好爱我。,1609117026915
198,爱的挺卑微的,1609116856690
199,猪！你幸福哦！,1609116109662
200,我听到了鲸的声音,1609116099060
201,人总不能吃肉时夸肉香 洗碗时骂碗脏吧.,1609115282900
202,高潮有一个调调感觉和殉情的抹香鲸很像诶，，但是都很好听哦😊,1609115002564
203,还好大雾四起 藏匿难言爱意,1609112097012
204,还好大雾四起 我还来得及藏匿,1609111994803
205,"大雾四起，我在无人处爱你❤
大雾散去，我爱你——人尽皆知。",1609111529309
206,小姐姐不值得的事别做 不要辜负自己 要对自己好一点 只有双向奔赴才有意义 你要开心啊 虽然可能他只能做错了对不起你的这一件事 但是他已经对你不定心了 没必要重蹈覆辙了 你懂我意思嘛 一个真正爱你的男孩子舍不得把你放在二选一的局面里 他会舍不得你当第二选择 照顾好自己 要好好的,1609111421467
207,我生日就是8月6！,1609111320160
208,最后一次了，错过就错过吧,1609111036656
209,这次我站在雾里连自己也看不清,1609110231548
210,没有沈倦也要成为林语惊,1609109892899
211,这一次，连我自己都在雾里，才发现，执着久了的东西本来就没有意义。,1609108870078
212,最近很喜欢听的歌啊，今天期末考试了，保佑保佑,1609107624510
213,“我知道 这个年纪遇到的人不会有结果  但你有点特别 我有点舍不得”,1609106855336
214,别人谈恋爱关你什么事，百合又没和你搞,1609105516316
215,你什么时候能从我心里出去,1609102435528
216,雾爱 无碍 吾爱 无爱 勿爱,1609101474699
217,我不怪你啊，我怪这四起的大雾,1609100982534
218,再见也不说，没礼貌的小鬼,1609100136228
219,"哥哥 大雾散去 雨滴蒸发
我一直在人群中爱你",1609099118325
220,“那天晚上雾散了 不止晚上 不止雾”,1609098532122
221,大雾永远不会散去,1609096353102
222,hiphop girl,1609095074784
223,我不会以爱之名束缚你剥削你 你可以做任何你想做的事 我只希望你可以在做任何事之前都可以想起我 能为我拒绝该拒绝的人和事.,1609094593317
224,一定会合法的对吧？,1609093807687
225,我...我不会让她放手的，如果她放手了，我会把她追回来的，只要我还有她的联系方式，就一定会,1609093787404
226,我....很怕我们走不到最后...会合法的对吧？,1609093678539
227,对不起,1609093298301
228,可是我怕....我怕她会放手....我怕她不要我了..我情商低还傻...（这是她说的，我觉得我情商蛮高的，一点都不傻）她心情不好或生气，我都不知道该怎么安慰她，该怎么哄她,1609093238131
229,她占有欲很强，我占有欲也很强，我不知道我和她会不会有结果，但我想试试,1609093226990
230,我是女孩子，她也是女孩子，我们于9月12日相遇。我很喜欢她，她19我14，我和她能走到最后么,1609093217707
231,祝你幸福哦,1609093105014
232,在这么多疲惫抬不起头的日子，我都觉得你是个盼头,1609092210472
233,我其实已经不喜欢你了 就是脑子想到你的时候眼泪止不住的流,1609092114571
234,要99哦❤️,1609091375694
235,@黎明K,1609090581250
236,我也不知道我在这无人的夜里想你多少回，尽管你不知,1609090080926
237,“你比谁都清楚，我的偏向无条件指向你。”,1609089621992
238,我是泥潭中的一只蝴蝶，简而言之“我是泥蝶”,1609089574634
239,我始终不是那个值得你狂奔的人,1609089574277
240,我比任何人都喜欢你 可我不如任何人,1609089065983
241,gyj,1609088931798
242,没什么，就是很想你,1609088897877
243,拨开云雾，我的爱意简定而又炽烈，可惜我要上交啦，等我守护完万家灯火，我就去做你一个人的盖世英雄。,1609088879314
244,大雾四起 把我的爱都遮住,1609087964792
245,我不敢说 我怕她会疏远我,1609087900731
246,我跨过性别去爱你,1609087209240
247,鲸落,1609087095555
248,那天早上雾散了 不止早上 不止雾,1609087067026
249,怕你知道,1609086775754
250,“我们慢慢来吧 毕竟不想和你潦草收场。”前几个月看到这句话真的很触动 现在只希望和你一直保持联系..,1609086712346
251,只是等的话，唔，难说,1609086529278
252,在人群中看着你，为你开心而开心，唯有心里遗憾自知,1609086423218
253,还好有大雾可以让我隐藏着偷偷的爱你,1609086330910
254,我的爱老是打水漂 不想在喜欢他了,1609086141615
255,好棒的作曲！！,1609085980104
256,我还是好爱你,1609085848742
257,祝你幸福,1609085742854
258,"见山是山
见海是海
见你便全是世界

我想和你在一起！好像！超级想！！！！",1609085725169
259,有一次数学晚自习，我看了你大半节课，你转笔，你的手很好看，我总是会被你吸引，感觉自己就挺没出息的👀,1609085691393
260,"我不是不主动，我只是害怕失去你
-waj",1609085687500
261,这路遥马急的人间真的有人把爱藏了好几年,1609085686350
262,所以 没有然后了 那就再见吧,1609085644060
263,張怡媛對謝亞榮的愛大霧都遮不住,1609085624499
264,喜欢上他后，我都不敢谤佛，我怕佛对他不好,1609085621943
265,是今天的大雾吗？,1609085499910
266,"“你怎么能爱上我呢”
“我试图克制过了”",1609085498605
267,大雾四起，我在无人处爱你 大雾散去，我爱你人尽皆知 但大雾一直未散 我爱你也无人知晓 不怪大雾未散，只怪我来的不是时候,1609085483608
268,换座位后你坐在一个角落，从那以后我的余光总停留在那个角落,1609085450750
269,从来处来到去处去我还是没有缘分在见到你了但爱你人尽皆知,1609085437020
270,如果可以我真的好想告诉你，我好喜欢，喜欢到在即使好多个夜晚在心里放弃过你无数次，第二天看你一眼又沦陷。,1609085403009
271,何云涛,1609085381704
272,一个人偷偷盖了一座城堡。,1609085156064
273,外面雾好大，我们回不去了,1609085030857
274,大雾四起，还是遮住了我对你的爱意。我不怪你，也不怪大雾，怪我自己那时的错觉。,1609084951204
275,十八岁最难过最遗憾的莫过于遇上个特别的你，却明白不可能在一起，或迟或早我不得不放弃。真正喜欢的人是没法做朋友的，哪怕在多看几眼都还是想拥有，都还是会心动。我从未放弃过喜欢你，我希望你的前程一帆风顺，你遇到的每个人都是好人，你不会再受伤，再难过，再失望，我希望你比任何人过得都好。,1609084950305
276,我不怕你不爱我，我只是怕你可以随时去爱别人，你没有光，但我需要光，我活在了自己的幻想中。分手是我提的，伤心的是我，再找新欢的是你，和你相处一年，我以为我了解你，实则没有，但却在分手两个月后用了一星期看清了你，大雾四起，整整一年，大雾散去，我看清了你,1609084942773
277,我一直在雾里，却不想走出来。,1609084862243
278,@你是心间白月光 大雾四起,1609084747597
279,我暗恋了你两年，终于有一天鼓足了游气，可是却发现你和别人在一起了，你笑着对我说找到男朋友的时候，我笑着把花给扔了😁,1609084663457
280,"如果说我不曾见过太阳
撕开云雾
你便是光",1609084334529
281,“大雾四起遮住了我对你的爱意，我不怪你，我怪大雾四起”,1609084261417
282,会幸福的哦，一定会,1609084191595
283,大雾四起时，你在有光的那边,1609084054135
284,只要我的爱不死，我爱的人就一直在,1609083850716
285,我想认真生活的时候，突然冒出来一个男孩陪我聊天，打语音，屁大点事都要跟我分享，我觉得我有点喜欢他了，就把他删了。,1609083849794
286,有时候说 对不起 也不一定是做错了什么 ,1609083829304
287,我和你走过了一生，很平凡的一生。哦，我醒来了，嘿，这一生我就试试换个人咯，嘿，你有酒嘛，醒不来的那种呢，是活着，不是死呢，呀，听，那是海的声音还是鲸的哭泣啊，能听到我说话吗，喂,1609083757412
288,正是因为有了大雾，我才敢对你ljy说出那三个字...,1609083742087
289,我不怪你 我怪大雾四起,1609083456665
290,我等你,1609083409334
291,在故事开始的时候我就已经做好退路了，希望这条退路永远用不到。,1609083352812
292,你站在我的位置 你就会知道我的感受 你就会知道我有多委屈 你就会知道我听着别人的建议还是义无反顾的选择你,1609083272580
293,"大雾四起 偷偷藏匿，我在无人处爱你，
大雾散去 人尽皆知我爱你。
大雾四起 看不见你，却能找到你眼睛。
大雾散去 我在人群中爱你。",1609083162210
294,大家都是成年人了，有个人召之即来挥之即去有多快乐我不知道么？那些进退话术和套路我不懂我不会吗？可是真的遇到那个人的时候情愿就不懂得掩饰对他的喜欢，我明知道这样可能会被拿捏，但人生中又能有几次机会遇上这种你想要冲上去白给的人呢？ ​​​,1609083052300
295,愿化作一缕清风 伴你一路又一路,1609083029979
296,以前喜欢谁 他不理我 我就使劲烦他 好像有用不完的热情 现在不行了 你认为我不重要 那就算了吧  难熬也要熬 意难平也得平啊,1609082891176
297,我在无人处爱你,1609082868324
298,实在太难熬了,1609082792862
299,谁都希望是双向奔赴,1609082755202
300,冷暴力真的很难受,1609082692163
301,这个是用钢琴弹的吗？我想为了这首歌学钢琴然后在毕业典礼上为我喜欢的人弹🙏🏻,1609082674515
302,是啊。,1609082663539
303,平平安安即可，其它的并不重要。,1609082618597
304,又没,1609082591940
305,我会在大雾中爱你,1609082364833
306,我们都会和自己心爱的女孩子一直在一起的,1609082293550
307,"春天要来了  冬天的事就放下吧

怎么可能放的下……",1609081985763
308,住进过心里的人，没办法不想她阿,1609081979523
309,我在很平常的一天放弃了一个很重要的人，虽然有点舍不得 但我的满心欢喜也该告一段落了,1609081950656
310,以前有个人告诉我爱不分性别。希望你们好好的。幸福很久,1609081916341
311,他还是离开我了,1609081775365
312,当时我麻木了，我很冷静，没什么过多的纠缠，我们分开了，整整五百天，我到现在也没想明白，为什么他就离开我了，明明当初对我事事有回应，满满都是在乎，我也没逼他什么，我也没给他压力阿，明明当时我都说那么清楚了，我们一起赌一把，反正现在还年轻，我也不是那种怕的人，他还是说了分开,1609081768226
313,“那天早上雾散了 不只早上 不只雾”,1609081689959
314,讨厌现在的自己[心碎],1609081643524
315,花光所有力气，在大雾中爱你,1609081530377
316,但是又有谁懂我呢,1609081476002
317,然后阿，他就放弃了，他说你也有你的压力，我也有我的努力，答应你的事我还是没有做到，对不起，我们分开吧！,1609081471358
318,我也不想天天听这种歌,1609081467108
319,我好想你。真的好想你。你回来吧这次我只成为微信里的一位好友不动情,1609081463489
320,我们说到以后，我询问他想过到我这里来嘛，他说没想过，他也问我愿意去他那里吗，我说说实话是不愿意的，我不知道我要多大的勇气能放弃我的一切去一个陌生的城市，然后我说但是没关系，我们现在年轻，别想那么多，问题来的时候再解决，我们赌一次，你愿意吗，,1609081454946
321,会好起来的,1609081450179
322,真的好难受啊,1609081445426
323,他越来越忙，我每天上班，经验不足整天忙得头昏，我感到不一样了，我开始焦躁，我拉着他不依不饶的问他，他宽慰我，安慰我，抚平我的焦躁说没什么，放心，我一直都在，但是这次不一样，我的焦躁并没有减少，后来10月12号凌晨我们聊了很久，我当时已经感觉到，他要离开我了，,1609081433416
324,杜翱羽 你在哪里呢？,1609081417502
325,这次异地和以前没什么区别，只是更想彼此了，不想再异地，他感受到了，所以每天都在努力上班，后来又到了一个国庆，我们这次没有见面，因为他走不开，我也不走那么远，就说找中间地方一起去玩，没商量好，这个国庆那儿也没去，结果国庆之后我就感觉我们之间不一样了，我说不出来哪里不一样，,1609081410482
326,希望吧,1609081407585
327,“也没有什么热衷的东西.感觉追不上就悄悄走开了。”,1609081396942
328,我没有DR钻戒 只能把头发编给你 只给你 或许这和DR钻戒也是一个概念吧 如果我们有结果 以后就拿一枚DR钻戒向我求婚吧。,1609081367513
329,把头发编起来给你 是希望你平安开心 不为别的 就偶尔迷信一下,1609081195692
330,摸,1609081177634
331,“大雾终将散去，爱意终会明朗”,1609081045222
332,ysh？！,1609080849913
333,我在你看不到的地方偷偷爱你,1609080808446
334,暗恋真的小心翼翼，连吃醋的资格都没有,1609080731393
335,"“大雾四起,我在无人处爱你，大雾散去,我在人群中爱你”我在你看不到的地方偷偷关注着你,我希望你知道,又害怕你知道",1609080728473
336,回去之后，我继续玩，然后他在做菜，我去帮他削了土豆，然后他叫我进房间，外面油烟大，做了两个菜，一个西红柿炒蛋，一个土豆丝，我吃的好饱，他却还叫我多吃点，然后碗都没洗我们就出门了，因为我要赶火车……之后的生活又回到了异地，,1609080585236
337,然后走的时候他把饭焖好，把水烧好，空调调好，吃的喝的全都拿到房间，什么都做好才出门上班，我在屋里睡觉等他回来，然后他打电话给我叫我下楼，他先骑着哈啰带我去买火车上吃的东西，然后我们一起逛菜市场，他让我在菜市场门口等他，说里面挤，我就要进去，我看着他买菜的背影，当时就觉得很满足，,1609080559540
338,可能他感觉到了，这次我毕业回家我们会很久都不能见面了，他抱着我说，你以后会不会离开我，我当时说未来的事情谁都说不清楚……之后我们在长沙去玩了几天，因为他之前在长沙做事，所以租了一个房子，我要走的那天，他要请假不上班陪我，我不同意，我叫他去上班，,1609080533971
339,@网抑云zzzz ,1609080517349
340,他是那种对我事事有回应，满满的对我都是在乎，让我感觉被宠爱，他有时候是小奶狗有时候是小狼狗，也会撒娇让我多在乎他一点，时间越来越久，我有恃无恐的，我觉得他不会离开我的就算我们异地，我也很安心，因为是他给我的安全感，毕业我没有直接回家，我拖了小行李箱就去了长沙，我们又见面了，,1609080496271
341,但是当时我疫情返校处理班上的事情，所以就没去，一直到毕业，我小做作的跟他讲我就毕业了好快呀，不想毕业，他跟我说你没毕业，在我这里你一直都没毕业。,1609080466713
342,"大雾四起 我在无人处爱你
大雾散尽 我爱你人尽皆知
云雾散尽 我爱你从未停息
云雾缥渺 世人皆知我爱你
大雾四起遮住了 我对你的爱意",1609080397919
343,结果碰上了疫情，异地时间又延长了四五个月，后来他姐夫带他去长沙做事，我得到复学通知之后马不停蹄的赶回学校，结果学校封闭式，我不能出去，后来有一个机会，和我大学同学准备一起去长沙看王一博，我做了这辈子最疯狂的事，翻墙出校门，结果我大学同学前晚上喝醉了，她叫我要不自己去长沙，但是当时,1609080386697
344,我们小心翼翼的玩了五天，一起看电影，电影名叫中国机长，逛商场，逛超市……当时他刚刚实习，实习岗位压榨他们，这一趟国庆旅途花掉了他大多积蓄，最后六号早上他要回去了，因为要坐二三十个小时的硬卧；后来又开始了异地，期盼着实习结束，早点开学就能一起过情人节了，,1609080354185
345,大雾散去人尽皆知我爱你,1609080310508
346,别担心  一定会实现哒,1609080285905
347,别回味细节  别假设可能  别想再去找他,1609080275456
348,什么给别人抱抱啊,1609080248090
349,大雾四起我在无人处爱你。,1609080167739
350,那你到底要到什么时候才来找我  不怕错过吗。,1609080146159
351,还好大雾四起   藏匿难言爱意,1609080142411
352,这次不能再对不起你了 我要对得起你 所以放心好了代芮绮.,1609080140165
353,爱情无关性别，只是你和她🌹🌹,1609080137661
354,我要把对你的爱偷偷藏好   可能你这辈子都不会知道了.[憨笑],1609080028801
355,我把他删了……我累了，我也知道他也累了…,1609079919917
356,每个人都累，不只是大人，小孩也累啊,1609079899363
357,他也只是一个十几岁的男生就要忍受我的臭脾气忍住不向我发火还要很有耐心哄我开心所以我更要珍惜他.,1609079873413
358,不知道为什么现在自习课睡个觉都要被家里人骂一圈,1609079871277
359,这一次我站在雾里 连自己都看不清,1609079869335
360,最近一直心绪不宁，原来是想起了你,1609079744431
361,该怎么做才能忘记你不想你   朱亨静,1609079675143
362,谢谢你啦,1609079656359
363,这次我站在雾里 连她都看不清.,1609079651159
364,祝胡月娇能天天开心，我陪着你，陪着你学会喜怒哀乐!@是胡娇娇吖,1609079558272
365,真的好想跟他结婚有钱也结没钱也结骗你的我们已经分开19天了,1609079425467
366,我们总会被生活中一些人惹恼，现在有一去火良方：陈皮4.5g，半夏3g，甘草0.9g，茯苓3g，三碗水大火熬成一碗，趁热泼到对方身上。,1609079369358
367,"大雾四起 我在无人处爱你
大雾散尽 我爱你人尽皆知
云雾散尽 我爱你从未停息
云雾缥渺 世人皆知我爱你
大雾四起遮住了 我对你的爱意
我不怪你 我怪大雾四起",1609079320762
368,是雾终究会散,1609079256289
369,我站在雾里寻找你你就是看不到我,1609079147956
370,建议别和同班人谈。因为分手后你看着她和新欢在一起会很难受,1609079041057
371,大雾弥漫时，我爱你照样人尽皆知,1609079025008
372,我不怪你 我怪大雾四起。,1609079009720
373,年年余花 花开郁郁 郁郁非葱葱 葱葱通匆匆,1609078589024
374,我一直都在,1609078426295
375,"这很难，真的难
他们一直和我说不要等他了，我也是很气馁
同时我的情绪一直没调节好，有苦没处说
他考完就到我考了
我不要学习吗
到时候他坚持得下来吗
我不确定，我只能保持心态不崩
这真的不容易。我也不知道会是个什么结果，等吧。
End
网恋需谨慎！",1609078415296
376,我弟说这歌土，现在我是独生子,1609078415035
377,然后宽慰自己都过去了,1609078247540
378,我也只能叹一声了,1609078231709
379,年年有花 花开两两   汝亦吾吾 吾吾心向,1609078223146
380,谢谢你的祝福，但是可能没办法实现了,1609078219918
381,哎,1609078211983
382,"后来我又知道现在用他号和我说话的是他同学，他都没和我说一声，我那些天的天都是和他同学聊的，我和谁谈恋爱啊，他同学还是他，当机立断的就分了
后来同学帮他说好话，我也心软了，就复合
我姐姐也总是说我霍霍了他
但是后来又分了，他提的了，他说要学习
我的同学说他天真，想和我靠同一个地方",1609078175454
383,大雾，好像听到了鲸的声音。女声好好听,1609078051714
384,看跟谁一起吧,1609078046975
385,www好羡慕的爱情 要一直幸福地在一起嗷,1609078038961
386,我爱你,1609077975216
387,要幸福啊❤️,1609077969877
388,"大雾四起，我偷偷隐匿
大雾消散，你不知所踪",1609077922000
389,加油！,1609077875123
390,今天早上学校查早恋 ，查到我女朋友了 ，学校的人真是傻 ，连人都找错了，竟然找到了我兄弟 [大笑][大笑][大笑][大笑],1609077517396
391,歌词绝了,1609077461580
392,大雾四起 ,1609077372147
393,"我知道我不喜欢他，我也认为我不会喜欢上他，但没有想到的是他会那么认真。
我那段时间压力特别大，几近崩溃，一下子太激进了，但他的温柔让我有点舍不得，就一直拖。
再是有一天，我的一个同学加上了他，和他对骂起来，他来问我我同学说的我骂他是怎么回事，我当即就委屈了，我哪里骂他了",1609077348808
394,没有太多心事，只想走入协和的校门,1609077325218
395,我也是啦 我也要重新开始了 再也不要吃没身份的醋 再不要一个人跑来跑去 耗费心思见他 我要好好学习 考上一中 只剩最后五个月啦,1609077261981
396,和他在一起之后我没羡慕过任何人，我们异地，当时实习了，他在厦门，我在贵州，我们商量国庆出去玩，结果我妈不允许我跑出去，他说他要来找我，我说不要，太远了，遭罪，结果他还是义务反骨的跑了一千多公里来到了我身边，国庆节那天，天气都变得很好，我去车站接他，怕我爸妈发现，,1609077259902
397,20年的遗憾就不要带去21年了吧,1609077244520
398,大雾四起 我在无人爱你。,1609077235494
399,还好大雾四起遮挡住了我对你的爱意,1609077158139
400,啊！,1609077126633
401,"最后放不下的也是我，哭的停不下来的也是我……我知道我矫情，从来没有在他面前放肆的勇气
我靠这厚脸皮和他在一起了，我身边的人除了父母所有的人都知道他了，知道我有了个男朋友，他却是无意间让父母也知道了我存在，他的父母也没说什么，只是和他说了一遍初一政治书上的内容，没管。",1609077095889
402,我的爱意藏不住,1609077068998
403,愿你早点打探到他的音讯,1609077015628
404,愿你幸福,1609076987863
405,4000评论冲冲冲,1609076983713
406,我我我我今天给他发消息了，我好紧张，我不知道以后什么都不清楚，可是我就是好想你,1609076964321
407,要一直在一起哦,1609076910442
408,她也是女孩啊！可我们没可能了,1609076896027
409,“暗恋是种礼貌 暗地里盖起一座城堡”,1609076888493
410,最难过的莫过于当你遇上一个特别的人，却明白永远不可能在一起，或迟或早，你不得不放弃。真心喜欢过的人是没法做朋友的。哪怕多 看一眼还是想拥有，从未停止过喜欢你只是从浓烈变得悄无声息......,1609076873622
411,"这次是真实事件不是梦了，回想也还有点难过。
注：这里就不说年龄了吧，总之是擦边早恋，是个悲伤的故事！！！谨慎！！！懂谨慎什么吧？应该吧？我不自言自语了请看正文：是我先招惹的他，宝贝是我叫的，联系方式也是我先加的，是我半强迫他说出喜欢，说分手的也是我，同意复合的也是我",1609076838152
412,我喜欢他，我知道，大雾知道，唯独他不知道，很多人喜欢他，我也是，他喜欢“我”，我不是“我。”,1609076819493
413,这次我站在雾里，连我自己都看不清,1609076788293
414,啊啊好听绝绝子！！！！,1609076756852
415,"星期二就月考。一门不及格就不能回家放假地理就从来没及格过🐻🐻🐻🐻🐻🐨🐨🐨🐨🐨

老师，你这是在逼我作弊的节奏啊!🐰",1609076697513
416,我自己哈哈哈哈哈哈,1609076632260
417,其实并不是大雾遮住了她的眼，而是她看见了却无动于衷,1609076562772
418,要幸福要99,1609076549521
419,合适吧,1609076509030
420,我六年了，好累，他都不知道我喜欢他，我们连朋友都不是,1609076470785
421,"你说我总提我喜欢了你8年 是为了突现我做的事情 为了证明我自己总在为你付出
其实我只是想让你知道我真的真的很喜欢你 但是你还是否定了我 我等了一天一夜你祝我的生日快乐 还是没有
没关系 我也会收拾好 独身前行
我实在是不想祝你好 就祝我好吧",1609076330540
422,有人跟我一样听到感动的头皮发麻吗,1609076262323
423,我支持txl可我不信这个girl会和你长长久久,1609076220165
424,始终没明白到底是合适重要还是喜欢重要,1609076170387
425,这次我站在大雾里，连我自己也看不清。,1609076159558
426,大雾散去  我爱你人尽皆知,1609076130113
427,大雾四起 我在无人处爱你 还好大雾藏匿了我的爱意,1609075892011
428,年年有雪，雪覆年年，轻轻即卿卿，卿卿亦倾心。,1609075766889
429,创可贴贴久了撕下来会很疼 换句话说 你陪在我身边那么久 你走的时候我会很难过.,1609075716489
430,9999，要一直在一起O,1609075671916
431,"我今天买了两根雪糕
他，一根
我，一根
我们解暑了
你聽到了嘛
我們結束了",1609075594341
432,他们答应我的礼物，最后好像我都没有见到，所以当他们说给我礼物时，我会答应但不会期待，因为我知道…我见不到这个礼物了……,1609075537116
433,祝幸福,1609075453417
434,大雾四起,1609075359857
435,盲猜两位新人歌手要火,1609075332654
436,看到大雾上热搜 还以为是很久以前听的另一首大雾 它很好听,1609075165294
437,我也就只能在网易云表达我对你的思念了,1609075158413
438,外向是生活需要，孤独是自我享受,1609075152633
439,第六感挺强的。感觉到了自己就会慢慢退场。,1609075003548
440,祝愿你们!,1609074948410
441,我不太喜欢这雾里被爱，我什么都看不见,1609074946747
442,只有你过得比我痛苦，才算作道歉,1609074915242
443,一定要99！,1609074861351
444,你在说我吗？🌝💨,1609074855013
445,真的好听，未来之星！,1609074832691
446,一定要幸福！不要辜负我们对你的祝福哦！,1609074752248
447,吴芊芊一定一定会和李旭泽在一起很久很久哒！,1609074727193
448,有没有人感觉这首歌的旋律很像……,1609074703005
449,我今天很想你,1609074702296
450,我真的不知道该选谁了，一边是网恋温柔到极致的男孩子，一边是现实触碰不到的男子汉,1609074683916
451,太主动就会很廉价 不主动就会错过 那要怎么办 毕竟好喜欢他,1609074659649
452,这次我站在雾里 连自己都看不清。,1609074649909
453,都喜欢这首歌么[多多大哭]我为嘛没……额,1609074571162
454,谢谢谢谢谢谢谢谢,1609074558565
455,？哈哈哈哈,1609074549812
456,谢谢,1609074543662
457,火钳工具手刘铭[呆],1609074487843
458,一定要好好在一起！,1609074309458
459,我爱你！@倪妮_ovF3,1609074273752
460,我在大雾中寻找你，抱住你,1609074182988
461,我会找一个大雾的日子说我爱你 ,1609074149760
462,钢琴 真的棒 ,1609074091637
463,lw喜欢你 但说不出口 遗憾,1609073966270
464,感觉很适合追星的人们……,1609073962201
465,嗯呢,1609073951883
466,祝你们幸福,1609073878807
467,大雾埋不住我对你的爱意.,1609073696032
468,我真的好喜欢好喜欢他，但我不应该像个舔狗一样的啦，忘了他吧！2021就要来啦，重新开始！,1609073675129
469,我比谁都清楚，你一定会走，我想过对你很好很好，让你忘了她，但现实不是电视剧，所以我不敢离你太近,1609073547354
470,我好喜欢你，即使毕业了，也一直想在你心里留下痕迹，让自己不至于消失的毫无踪影，这是最后的，最后的倔强了,1609073543819
471,这次我站在雾里 我连自己都看不清,1609073496773
472,委屈什么 动情就该死 不懂吗。能让自己重新站起来的人只有自己。你所谓的喜欢 何必夸张成爱。时间帮你攒够希望 并告诉你不用谢。放下的过程好难 但好过一味迎合。记住你很优秀 别再坠落了。,1609073445310
473,大大方方的承认喜欢,1609073442439
474,如何委婉的表达我想你了。,1609073398752
475,要一直在一起哦！,1609073372429
476,希望所有的男孩女孩都明白:表白是为了表明心意，而不是为了索取关系。,1609073355892
477,给爷锁死必须999999999999999999999999,1609073344218
478,大雾四起，也遮不住我对你的爱意,1609073212464
479,我的网名是“雾”，于是他把他的网名改成了“迷雾”❤️,1609073197712
480,@小马-警官 不怪她，不怪大雾四起，怪我爱她,1609073182950
481,那天早上雾散了，不止早上，不止雾,1609073172178
482,大雾四起遮住了我对你的爱意，我站在雾里也看不清我自己。,1609072919348
483,还好大雾四起，藏匿难言爱意,1609072915196
484,虽然我在雾里爱你 但我会穿过大雾跌跌撞撞跑向你,1609072895991
485,同城欸姐妹,1609072775466
486,我第一次见他就喜欢上了 我主动的说暧昧的话 努力的把爱意表现出来  但我也不想让她知道 也多亏了这大雾不然我对他的爱意就遮不住了,1609072772686
487,暗恋是一种礼貌，背地里盖一座城堡🏰,1609072766450
488,〈P〉时光究竟带走了多少个无法丈量的年华，以至于在回首时，弥漫的大雾几乎隔断了天。〈/P〉,1609072747784
489,我的喜欢除了他谁都知道。,1609072732128
490,谢谢呀,1609072727581
491,谢谢呀,1609072721511
492,我在无人处爱你,1609072574656
493,“不顺路了吗，那我祝你一路平安。”,1609072565565
494,加油加油,1609072559627
495,对不起，我的目光己经，无法从你侧脸移开.,1609072451347
496,我不怪你，我怪大雾四起,1609072427798
497,@西兰花有毒啊 ,1609072239448
498,钵钵鸡😡,1609072235441
499,这首歌的伴奏让我感同身受,1609072234368
500,这次车窗起了雾，我写下了你的名字,1609072204128
501,99,1609072158410
502,对啊！性别什么的，又不能改变你对她的爱，只要你足够爱她，任何事都阻挡不了你们两个在一起，但前提是她也要足够爱你！祝你们两个永远在一起！吵架什么的放放吧！性别相同的情侣在一起太艰难了！好好珍惜彼此哟！,1609072150827
503,大雾四起，遮住了我对你的爱意，我不怪你，怪大雾四起。,1609072047844
504,在大雾里迷失，我看不清你的模样,1609072027735
505,谢谢呀,1609072009361
506,忘川爷爱你😡👍,1609071974671
507,希望年年是你  最后最后一定要是你,1609071921493
508,一点要加油鸭 9999999999,1609071883186
509,这风华正茂的日子 我想让他迷途知返.,1609071870734
510,谢谢，会的,1609071866282
511,你为什么要喜欢他啊  还要我怎么样,1609071858544
512,谢谢呀,1609071855564
513,"因为他没遇到我之前
他都不打算学了的
但是…我可以吗…",1609071792381
514,你不要丢下我一个人 我有点笨 我怕黑 我害怕鬼 我害怕你离开我 我怕你找其它小朋友。,1609071768410
515,得不到的才是白月光，得到的都是地上霜。,1609071700432
516,"明天就要按成绩换组了
如果我名次够的话
不论怎么样
我一定会不顾一切的选你
虽然他的成绩不太好",1609071662640
517,拜托一定要幸福啊你,1609071653997
518,我在无人处爱你.,1609071627253
519,让我们倒计时345600秒，去迎接2021吧,1609071606352
520,“如果真的喜欢一首歌就不要单曲循环”，我知道这个道理，但我就是忍不住。真怕过几天再听就变感觉了，我要珍惜这几天。也挺对不起被我单曲循环的歌。,1609071595433
521,"我好像喜欢我同桌了
但是我不敢
他学习很差
下课也总是问我题
有时候 我觉得课间是最好的时光
因为他在那十分钟是 属于我的
有一次 我给他讲题
他很小声的说一句“你真可爱”
我当时脸红了
可是转念一想 会有男孩子喜欢很沙雕的女孩子吗
而且 我也不是太好看 普普通通的",1609071561694
522,该怎么做才能忘记你不想你   金平,1609071518869
523,要幸福哦！,1609071471366
524,数学老师说过：“即使错了，也不要空着。”,1609071451076
525,这次我站在雾里 连自己都看不清.,1609071401361
526,99呐 女孩子的爱情是更让人羡慕的鸭,1609071284501
527,谢谢谢谢,1609071268559
528,会遇到的,1609071261609
529,谢谢,1609071256488
530,！四川成都！我也是四川滴,1609071197499
531,99,1609071157761
532,我身边的所有人都知道我喜欢你，并且你也知道。可是你就是当做看不见…,1609071154755
533,希望祖国妈妈快点能让同性恋的宝贝们结婚，希望大部分的人都不带偏见的看待爱情,1609071130019
534,冲冲冲,1609071103408
535,宝贝加油99999999,1609071055522
536,满怀希望就会所向披靡,1609070946194
537,“爱就表现得明显一点 别冷冷淡淡”,1609070926470
538,性别相同又有什么关系，我很爱她，尽管学业很忙但是她一直默默陪着我，一直听我抱怨，我想肆无忌惮的向全天下宣告她是我的，但是这份爱或许只能掩盖在迷雾之中，我爱她和她在一起我从没后悔过,1609070908747
539,"大雾四起  我在无人处爱你
大雾散去  我爱你人尽皆知
但大雾一直未散   我爱你也无人知晓
不怪大雾未散  只怪我来的不是时候",1609070652849
540,我似乎对所有人感不起兴趣 谈恋爱也是 每天几句话 正常恋人做的我都会做 分手了我也没有多大的感受 心情一直就很平静 每天就读书写字 对这个世界越来越没有感觉了,1609070623425
541,我们再重新来过一次好吗小杨同志,1609070594542
542,“大雾四起，我在无人处爱你。”,1609070554111
543,我一直都不喜欢在大雾里爱人 ，因为雾里看花，感受不到爱意 ，要的是被偏爱，被宠爱 ，被信任 ，你在大雾里爱人 ，我感受不到触摸不到 ，我不喜欢 ，我要的是明目张胆的偏爱，要的是你任何时候都站在我身后 。,1609070275974
544,开始 他喜欢我众所周知 最后 我爱他 仅我知,1609070273021
545,@抹茶味的慕斯纸杯蛋糕没了一半 我好幸运能有回应,1609070242590
546,yuu,1609070198540
547,谁能明白谁的深爱，谁理解谁的离开。,1609070194906
548,"被丢下过得女孩子是不好谈恋爱的
她会质疑别人的爱一遍一遍的作死证明他爱自己她要的安全感
普通男孩子还给不了",1609070120810
549,好喜欢他 喜欢到骨子里的那种 真的特别特别超级超级喜欢他 从来没有这么喜欢过一个人 想忘也忘不掉,1609070096398
550,加油吧,1609070084766
551,大雾四起遮起了我对你的爱意 我不怪你 我怪大雾四起,1609069990238
552,等那天到来，我再加上您,1609069921969
553,第一眼把饺子看成了孩子🌚,1609069868789
554,是你先松开我的手的 我很想你 但是我不会回头,1609069821261
555,大雾早晚会散去的,1609069756115
556,挺好听,1609069684655
557,祝你幸福哦,1609069675282
558,因光而遇   要一直在一起啊,1609069663164
559,你主动一点我的爱就不用小心翼翼了,1609069429284
560,和他做过好多事了 牵过手了 抱过了 亲过了 没什么遗憾的了 就当心里面嫁过你一次吧,1609069280884
561,"暗恋是一种礼貌，暗地里盖一座城堡。
——《无可救药》",1609069272719
562,“如果可以的话 今年冬天一起吃火锅一起看烟花一起跨年吧 我的意思是 和你”,1609069130611
563,"我的冷漠里藏了一半害羞一半自卑
我的笑容里藏了一半无奈一半心酸
我的倔强里藏了一半绝情一半软弱
我的告白里藏了一半期待一半后悔
我的冷漠里藏着一半孤独一半渴望
",1609069116860
564,我好想你啊。,1609069095208
565,大雾四起 我明目张胆的爱你,1609069080816
566,你一定要好，我难过没关系。,1609069070975
567,一ede''',1609069048891
568,我只是不说 有时候我也会感到难过.,1609069038728
569,爱随风散。,1609069036680
570,"板上，和数字2旁边写下的数字相应的篇数，
你的愿望就会成真。",1609069026574
571,"4旁边的人是最关心你的人。
在数字5旁边的人是给你带来好运的人。
在数字6旁边的人是对你不利的人。
在数字8写下的歌曲是对数字3写下的人最适合的歌曲。
在数字9写下的歌曲是对数字7写下的人最适合的歌曲。
在数字10写下的歌曲是歌曲是，最适合表达你的想法的歌曲。
最后，你把这片文章转载到其他留言",1609068984487
572,"认真回答，等于浪费你自己的时间）
5。 在数字8，9，10的旁边各写出一个歌曲的题目 ..
（凭第一感觉）
6。最后，许一个愿望ba...
最近最希望发生的愿望，奇迹什么的...
许了愿望让我们看看这个游戏的结果吧。
首先在数字3旁边的名字，是你爱的人。
在数字7旁写下的是你喜欢，但不能实现的爱情。
在数字",1609068926396
573,刷到这里他们都有抱抱，不能就你一个没有,1609068895668
574,雾终会散,1609068867003
575,爱你@柳_jin_feng,1609068859066
576,"出现在脑海里的答案。
一次阅读一行..
如果你先看了答案就没什么意思了。
1。首先从上到下（垂直），写出从1到10的数字
2。在数字1和2的旁边各写出一个数字（从1到10之间的一位数）
3。其次在数字3和7的旁边各写出一名异性的名字。
4。在数字4，5，6的旁边各写出一个名字..朋友，家人都可以....
（你不",1609068851170
577,"一行一行读下去，不要先看结果。

发件人告诉我...

测试后10分钟以内他的愿望就实现了。（所以我翻译成中文，在这里留言，原本是韩文的 *翻译技术很烂*）

大约需要1-2分钟，但感觉是值得的。

试试看吧

首先，准备好纸和笔..

选择姓名时，请选择你确实认识的人的实名。

请写出凭直觉，瞬间",1609068812815
578,不想在雾里被爱 因为看不清,1609068759603
579,我跟你一样，虽然我是男孩子，但我也喜欢男孩子，我还没遇到他,1609068543205
580,祝你幸福,1609068474042
581,暗恋是一种害怕，也是一种渴望。,1609068405214
582,后来大雾四起 你说你很爱我 可是为什么你的爱比雾还要淡 淡到我都看不清.,1609068381987
583,没事抱抱我也是百合[多多可怜],1609068371513
584,零落的岛被埋在雾中 不见大海,1609068369276
585,谢谢,1609068361739
586,舔狗,1609068358909
587,谢谢,1609068347566
588,要是人声能和钢琴节奏再融合有顿挫感就完美了,1609068289091
589,那一刻你心里有场海啸，可你静静站着，没有让任何人知道。,1609068252075
590,"爱情哪有那么复杂
能让你开开心心笑得最甜的那个人
就是对的人❤️❤️❤️",1609068218787
591,“听鲸鱼的声音”,1609068197828
592,情绪上头的瞬间我恨不得立马见到你，抱住,1609068184602
593,刚刚单曲循环把所有社交都断了，想逃所以我就逃了，李傻逼我还是好喜欢你，但我真的我没办法了没了 你让我还能怎么办。,1609068164628
594,"大雾四起 遮住了我的爱意
我不怪你 我怪大雾四起",1609068140903
595,明明喜欢的是你，却要装做无关痛痒的开着你跟别人的玩笑。,1609068136105
596,今天成都大雾四起！,1609068131792
597,"满满当当却又空空荡荡
明明白白而又昏昏沉沉",1609068032777
598,"大雾四起，我在远处爱着你。
既然不能和你在一起，
那就在远处爱着你，
终有一天，
我会得到你。
真的真的，
很喜欢你。
wmt。",1609067803983
599,我来抱你！,1609067756010
600,抱抱你,1609067735873
601,“我这个人走路喜欢挨边走，我坐公交车必须缩在最后一排，我不想跟任何人产生联系，我怕我刚把我的真心掏出来我就死了。”,1609067664713
602,这次我站在雾里 连自己都看不清.,1609067636681
603,你明明知道，也承认，但就是不肯接受,1609067571942
604,超99%人播放,1609067478707
605,一定要幸福，因为我知道这种滋味,1609067310271
606,我站起来扑向你……只是雾吗,1609067282204
607,同款两个女孩子 但她好像没什么意思 我是单相思。她应该明白我太喜欢黏她了 她好像烦了 我在躲她她也在避我，但就是想和她回到原来那样 还能一起去吹吹晚风,1609067227925
608,一个被动的人去主动了 却没得到回应 你懂吗,1609067192783
609,"我不喜欢偷偷爱你，
我想给你明目张胆的爱意
你就是跟其他人不一样
你就是比其他人重要的多",1609067192345
610,"我喜欢上了一个人
大雾四起
我已经找不到",1609067148023
611,大雾四起 我站在雾里 连自己也看不清了。,1609067079475
612,散不开的雾，不止遮住爱意，更遮住了最后一次心动[心碎],1609067041708
613,大雾一直未散 我爱你也无人可知,1609067025333
614,总是这样过早的表达自己的爱意 大雾散去 我在人群爱你 这份喜欢 希望不是一种打扰。爱而不得是常态 慢慢习惯就好了,1609066997423
615,会有的ヽ(｡･ω･｡)ﾉ,1609066956400
616,如果你连一个女孩子的人品和性格都不知道 就看一张脸说喜欢  那你错了这不叫喜欢这叫买菜.,1609066929891
617,我在大雾里找你 却始终不见你踪影,1609066862276
618,那就等有人给你买花 匆匆忙忙的想去见你 再恋爱,1609066834564
619,会有的,1609066832922
620,是雾的话，总会散的,1609066827586
621,？鲸落的背景音乐？？盗？,1609066816507
622,"大雾四起 我在无人处爱你
云雾散尽 我爱你人尽皆知
——博君一肖",1609066805450
623,我始终信着 会有一个人 会看清我真面目 带我走出黑暗 不顾一切爱我,1609066712263
624,这次我站在雾里，自己都看不清自己,1609066686604
625,确定不和我说新年快乐吗，下一次要365天之后了哦,1609066630058
626,两个女孩子?,1609066579166
627,你不明白当所有事情都是由对方决定的时候  就注定你会输,1609066555395
628,你太优秀了！ 是我不配,1609066535354
629,加油加油！,1609066497709
630,疯狂想找到那个你，可能这就是大雾四起的原因,1609066400932
631,希望火钳刘明🌚🌚🌝🌝,1609066348435
632,"大雾起，我在爱你。
大雾终，我还在爱你。
而你，又在哪呢？",1609066343395
633,感觉就像站在大雾里被爱 看不见你  大雾散去 看不见各自.,1609066314321
634,他不会中年脱发，不会发福批热度，他永远阳光朝气，穿着红白色校服，站在初中洒着阳光的走廊，站在我的心尖，烙在我的十五六岁,1609066292446
635,大雾遮挡了多少人爱的目光，但又考验了多少命中注定的真爱,1609066285163
636,我现在只知道我和他只能做朋友,1609066206020
637,"“会有人喜欢一博吗”
“会有人喜欢一博的”
大雾四起，大雾散去，爱你的人很多，你要平安长乐",1609066184489
638,想让她更好，这爱字就是说不出口，因这雾，缥缈~,1609066179740
639,“我真的特别容易满足但你给我的全是辜负”,1609066154786
640,"大雾四起，我在无人处爱你
大雾落尽，我爱你人尽皆知",1609066146240
641,辛好思念无声   否则震耳欲聋,1609066128404
642,这次啊  不是雾把爱意遮住了   是爱变廉价了,1609066115213
643,我很容易迷路，先生。你走的太快了，我跟不上你。,1609066103431
644,每年只能借着她生日，跟她聊两句…[哀伤],1609066083356
645,我不怪你，我怪大雾四起,1609066059656
646,我嫉妒你身边每一个无关紧要的人，因为他们就这样轻而易举见到我朝思暮想的你,1609066016807
647,一定能赢的，祝你幸福,1609066001478
648,"记得当时他问我
“如果我们错过了怎么办”
我说
“即使错过了也是 大雾四起 我在无人处爱你”
我在无人处爱他
他不知道",1609065981127
649,你们要一直一直在一起a,1609065971033
650,成都今天真是大雾四起,1609065878837
651,真好。一定要一直幸福下去哦。双向奔赴终会战胜世俗的。,1609065855737
652,只要是真爱，不分性别，两个人中意就好惹～,1609065851837
653,"大雾四起  我在无人处爱你
后来啊  雾散了  我的周围充满了人
我找了好久  没有找到你",1609065816226
654,非常nice,1609065784383
655,好听欸听了好多遍啊哈哈,1609065783546
656,我是真的真的特别爱你，但是你给我的感觉让我不知道进退,1609065768618
657,加油,1609065767655
658,没关系 万事随心 藏或不藏 都好,1609065753046
659,我在无人处爱你,1609065732924
660,我主动找过你就证明你很重要了 但是你不懂珍惜不值一提,1609065705098
661,一定要幸福啊,1609065699976
662,好听,1609065696786
663,过了明年六月，我就在也没有下课偷偷看你的机会了,1609065687870
664,会的，希望我们都会等到那天,1609065683634
665,还好大雾四起，藏匿难言爱意,1609065659690
666,99,1609065649344
667,只要你想住，随时都可以,1609065582355
668,为什么会有雾,1609065580910
669,你就是标准答案 是他拿错了试卷,1609065491118
670,我不怪你，我只怪这大雾太浓，遮住了我对你的爱意,1609065475139
671,次次说 次次道歉 次次不改 这就是你爱我的方式.,1609065357472
672,我终于 和我朝思暮想的人在一起啦,1609065346089
673,要99！顺便想问下头像另一半可以嘛,1609065326328
674,带着我的祝福有多远滚多远🌝,1609065302631
675,是不是只有成为遗憾才会让人念念不忘.,1609065299963
676,“记得刚开始，我只是好奇你叫什么名字.”,1609065281174
677,暗恋是一种礼貌 暗地里盖一座城堡,1609065279386
678,听着就哭了，不知道怎么了唉……就是…难受啊,1609065271112
679,今天成都好大的雾啊！橙色预警！好家伙！就给我首推这首了！！[呆],1609065220183
680,你是我的救赎,1609065171038
681,呜呜呜呜太难受了爱而不得太难受了好难过啊,1609065155149
682,暗恋...好可悲a[哀伤]，他是班上的数学第二，班级总分第五名，我不配a[哀伤]下个学期就分班了，还有一个月不到，我要去传媒班，他是普通生，这一段暗恋就要这样结束了吧……[哀伤][哀伤][哀伤],1609065126316
683,"ᴹʸ ˡⁱᶠᵉ ⁱˢ ᵃ ᵐᵉˢˢ, ᵒⁿˡʸ ˡⁱᵏᵉ ʸᵒᵘ ᶠⁱʳᵐ ᵃⁿᵈ ᶜˡᵉᵃʳ.
我的生活一团乱，只有喜欢你坚定且清晰。 ​",1609065115019
684,大雾四起 我在无人之处爱你,1609065092689
685,有喜欢下雨天的姐妹吗,1609065076438
686,是雾总会散。,1609065067971
687,"明明知道你的喜欢
却要装作不知道
本来一开始还装得很好
可是演技却越来越差
时间真的会美化回忆
让我越来越…想你",1609065064630
688,不会忘记的永远不会忘记，会忘记的留着也没有用。有一种树名叫蓝桉，有毒且霸道，会杀死身边所有的植物，但只允许一种鸟儿栖息，意思是“我的温柔，只对你一人”,1609065052055
689,99,1609065039268
690,“渐渐温柔  克制  朴素  不问不怨不记.”,1609065028029
691,“她”,1609065020306
692,大雾将起，你不要迷失自己,1609064965663
693,我就這樣站在雾里自认为的爱着你.,1609064964595
694,你不是万能的我有不是,1609064957592
695,累了,1609064951252
696,是的哦！,1609064946120
697,99,1609064941609
698,我没有玩玩 也没有欺骗 别在别人面前说我好不好  我没有对不起你,1609064918204
699,没拥有过你一秒，缺像是失去了千万次――鲁迅,1609064895883
700,我也,1609064875439
701,真的好配原耽啊,1609064858573
702,我喜欢你却不想让你知道,1609064773796
703,很奇怪，一个人能发呆半天,1609064765506
704,LR，我还是喜欢你。一直放不下你。只要你回头我一直都在，大雾皆四起，我在无人处爱你。,1609064742497
705,大雾四起，你在迷雾中爱着,1609064728064
706,还好大雾四起 藏匿难言爱意,1609064702160
707,要幸福呀，不生孩子不许分，不对就算生了也不许分[可爱]🌝,1609064693875
708,我太沉迷他了 或许我该朝前看了.,1609064687730
709,年年有雾 雾起年年 叁叁即散散,1609064660079
710,大雾之中丢了你,1609064628072
711,14岁的常梦冉默默地喜欢上了十四岁的任佳乐,1609064555347
712,大雾四起遮住了我对他的爱意，我不怪他，我只怪大雾四起,1609064378100
713,往事都不计较，以后我在无人区爱你。,1609064347967
714,开头是鲸的声音嘛,1609064307641
715,这首歌应该很适合追星的女孩子听吧，是吧...小飞侠...,1609064299915
716,“这次我站在雾里 连自己都看不清”,1609064264814
717,一直在一起 999,1609064254905
718,希望答案是可以！,1609064234615
719,白俊,1609064203203
720,一个人享受孤独........,1609064190379
721,几时大雾弥漫，几时我开始喜欢上你，又曾几何时，我又回到原点,1609064188456
722,我喜欢你,1609064185120
723,大雾四起藏住我对你的爱意,1609064155895
724,我很想你，但是我只能在雾里爱你因为我没办法忘记你，也没办法找另一个人代替你。,1609064153163
725,"我在大雾里去寻找你
爱着这种迷茫的感受
你总是躲在那个角落",1609064112451
726,铁树大概开的是花骨朵,1609064092484
727,他好像没有我以为的那么喜欢我,1609064092052
728,会的！,1609064051621
729,希望结局是美好的,1609064005294
730,在大雾里我失去了满眼都是我的男孩子，大雾散尽他也回不来了,1609063984463
731,老渣女了,1609063944083
732,见不到你满校园找你 见到你又躲开你,1609063922152
733,暗恋大概就是背着所有人偷偷爱你，在背地里为你建一座城堡吧？,1609063887913
734,不喜欢在大雾里爱人，因为大雾感受不到爱意 ，感受不到被偏爱的感觉,1609063868315
735,一息若存，希望不灭,1609063868143
736,爱意随风散,1609063855280
737,这歌不情人节发?,1609063821673
738,冬至那天没有吃到饺子，平安夜没有吃苹果，圣诞节没有吃糖果。买的人太多了，我不想等那么久。,1609063809665
739,痴情人就是我呀！,1609063804831
740,我也很期待你,1609063802750
741,也许此时的雾起的刚刚好，我再也不想…丢失自己,1609063743200
742,成都今天的雾是真的大,1609063742535
743,有太多事无能为力也无可奈何，比如你不爱我,1609063720636
744,人间遗憾——南康白起,1609063707443
745,‭‫‎‍‭‌‎‭‪‫‏‭‫‎‍‭‌‎‭‪‫‏‎​⁠‌‫​‪‪‌‪‮‬‎‍​‎,1609063703134
746,加油啊，不要在意世俗的眼光，一定要幸福,1609063699393
747,雾里都是痴情人。,1609063631443
748,"一个喜欢了7年的女孩结婚了，她出嫁的时候我偷偷的开车跟在车队后面，尾随了7公里被发现了，收到短信：       别送了，对不起。""
看完短信，手机扔到副驾，然后一脚刹车靠边停下，手揍了一下方向盘，抹了一下脸泣不成声，点根烟抽完，掉头，擦干朦胧双眼慢慢往家开...",1609063619480
749,"我比这世上任何一个人都更加热切地盼望他能幸福，只是，想起这幸福没有我的份，还是会非常的难过
————南康白起",1609063593680
750,我等你到三十五岁，因为我永远也到不了三十五岁。——南康白起,1609063565328
751,今日问题：你还爱着的ta还在吗,1609063533384
752,？今天成都刚好大雾哈哈哈哈哈好应景,1609063518130
753,你如同大雾一般，让我难以摸清[心碎],1609063511229
754,没关系吧,1609063489223
755,只要岁岁平安即使生生不见,1609063476779
756,你慢慢地会喜欢上永不改变的少数几样东西。一一一一詹姆斯《七杀简史》,1609063451153
757,不是吧,1609063427112
758,龙藏在云里，你藏在心里,1609063402119
759,暗恋是一种礼貌 暗地里盖一座城堡。,1609063398538
760,大雾散去，世人尽皆知我爱你，你却看不到,1609063390213
761,关注走起来,1609063360369
762,” 我很好，谢谢。“ ,1609063345479
763,云雾消散我爱你众所皆知。,1609063319145
764,是啊 真有道理.,1609063280369
765,何为百合——百般阻挠的天作之合，祝你幸福,1609063241190
766,提前和你说元宵节快乐 和你差不多认识三年了还是第一次和你说元宵快乐啊,1609063200024
767,这是薛之谦粉丝写给薛之谦的吗？,1609063194057
768,大雾,1609063184085
769,我在人群中爱你以为你总有一天会扭头看到我，我却忘了我在人群中啊,1609063166840
770,在大雾中遇见了你看不清但很喜欢,1609063166364
771,我在寺庙为你祈一世平安，世人不知，漫天神佛——皆知。,1609063105482
772,如果忘了我能使你开心那我希望你开心,1609063104470
773,“因为我们的感情比雾还要薄。”,1609063087048
774,“我们的又不失雾为什么要散？”,1609063077341
775,啊我该怎么说,1609063071653
776,！999999！你们要一直在一起喔,1609063070445
777,说反话的同时心里祈求一万次希望你能听懂我,1609063030797
778,你把说说也删了网名就叫有雾,1609063029294
779,啊啊啊！,1609063018000
780,谢谢,1609062991073
781,会的，谢谢呀,1609062985390
782,谢谢,1609062975992
783,抓轩子劳斯！！！！,1609062925831
784,虽然是我把你抛开但是我好不开心啊我好难过,1609062900923
785,挽莹劳斯呜呜呜呜,1609062872580
786,必火,1609062867729
787,以后就别再遇见了,1609062813025
788,雾里看花，那究竟是爱还是爱而不得,1609062803457
789,老先生说，左眼先流泪的人，是伤心到了极致的人，右眼先流泪的人，是思念到了极致，而双眼一起流泪的人，是思念……到伤心……到极致……,1609062794859
790,我好自私我不想你和其他人接触,1609062790974
791,这一次我站在雾里,1609062763816
792,只要你开心平安就好了呀,1609062745050
793,或许你真的会忘了我 或许你也会认识一个新的冉冉,1609062723342
794,生不出孩子不许分手！,1609062718905
795,祝你幸福,1609062680506
796,我很想你我也想去加你 我觉得我好蠢啊 词不达意 我不知道该和你说什么了 只能眼睁睁的看着我们渐行渐远,1609062675444
797,今年过了的话，我就喜欢了她有五年了,1609062639761
798,你要把我从你的记忆中抹去了是吗我不怨你 我该是我太懦弱,1609062586529
799,太喜欢太喜欢太喜欢你啦 喜欢到发疯 但我会控制住我自己 把对你的喜欢转化成了我对好好生活的动力 再等等吧 我会一直等的 等得到如愿以偿 等不到等放下你啦,1609062574573
800,这次我站在雾里，连我自己也看不清,1609062566326
801,嘿，我是10.12哒,1609062564531
802,这次我站在大雾里 连我自己也看不清了,1609062557041
803,大雾四起 我在无人之处爱你.,1609062549817
804,情不知所起，不分性别，不分年龄，不分距离……,1609062546575
805,晴晴 是雾的话迟早会散的,1609062529827
806,大雾四起，人尽皆知我爱你   我看不到你了…,1609062495253
807,大雾散去，你的爱也消散了嘛,1609062444219
808,这,1609062428297
809,冯许泽要一直一直喜欢我哦，我也会一直一直喜欢你,1609062408804
810,明目张胆的偏爱和至死不渝的爱情我都会给她,1609062381252
811,8月18日遇境认识，10月23日成为情侣，从开始到现在没分开过一次，每天早上起来第一件事就是给她发消息，晚上睡觉了也会和她说，这些我只对她做过，百合，她在广东茂名，我在湖北武汉，元旦打算去她的城市旅行,1609062355534
812,"故事的开头是
“我和他相识于人海”
故事的结尾是
“我把他归还于人海”",1609062335977
813,好耳熟的一首歌，感觉曾经在哪里听过[大笑],1609062315592
814,没必要回,1609062258758
815,有什么前男友，只是偷偷喜欢他的人而已，然后问他有他有没有女朋友，硬是不会我，他QQ我有，只是不敢直接问他而已，之前他还会找我聊天，分享一下日常，可是近一个月都没有和我聊过天了，我发现他似乎谈恋爱了，所以想在网易云上问他到底有没有女朋友，硬是不回我，因为他也不知道是我，给一个陌生人也,1609062249000
816,都开始讨厌自己了，因为喜欢一个人，而费劲心思地偷偷了解他，本来只是随便用他的QQ昵称搜了一下网易云，没想到真的搜到了，我就改自己的头像昵称等等，然后假装陌生人跟他聊天，开头我只是问可以和他聊天吗，他回了个问号，然后我骗他说他的头像和我前男友的一样，所以才点开的，其实放的什么屁话，哪,1609062225679
817,加油加油 你们会很好会很幸福,1609062189430
818,"前奏的鯨鸣有一点绝望
好压抑呀
开心一点趴",1609062075788
819,我跟你一样喜欢一个女孩，后来很多误会，导致闹翻，我骗了所有人说我忘了她，可是我只能在大雾中爱她，因为我也是女孩，这份感情见不得光,1609062062493
820,要久久，祝你们幸福,1609062050412
821,"大雾四起 我在无人处爱你
大雾散去 我爱你人尽皆知.",1609062046453
822,祝你们一直幸福,1609062006991
823,我可以在你看不到的大雾里继续爱你,1609061932131
824,雾,1609061821776
825,后来大雾四起 你说你很爱我 可是为什么你的爱比雾还淡 淡到我都看不清,1609061704319
826,要是你能一直陪在我身边就好了 ,1609061641008
827,这次.我站在雾里.连自己也看不清.,1609061589868
828,背景音是有🐳鸣嘛，好痛的感觉,1609061586372
829,才恍然大悟,1609061440764
830,我记得你爱我，或许是我记反了。,1609061404833
831,荡开大雾，你们的未来满是光[星星][爱心],1609061257586
832,* 你历经山河走向我 胜过所有遥远的温柔,1609061122047
833,我不怪他，我怪大雾四起,1609061117716
834,每一份爱情但是值得期待的,1609061053225
835,伴奏的钢琴太顶了！,1609060887179
836,大雾四起，藏匿了我的爱意。我在无人之处喜欢你，wqj,1609060861592
837,"我不怪他'我只怪大雾四起./
你知道吗？我好想你。",1609060840731
838,"陪我走走吧
趁天还未亮 雾里透着光",1609060766044
839,年年有雾 雾吹年年 叁叁即散散 散散亦人生,1609060728170
840,我在无人处爱你。,1609060710061
841,动态求赞,1609060702413
842,是雾的话，终究会散的吧,1609060684520
843,我听了，我恍然大悟，我还没干饭的[生病],1609060678693
844,你终生未嫁，不是因为别人看不上你，而是因为你在等她,1609060676508
845,这写的好像我,1609060629819
846,“真诚地感谢某个人的出现，像黑暗的角落里乍现的一抹光亮，不刺眼的光 却能将大片冷落填成暖和，只要他存在，于我便是难得的欢愉和庆幸”,1609060590536
847,要一直在一起o,1609060581541
848,缘分。缘故。崩溃。,1609060579835
849,这样吗，她开始也是一口一个老婆叫着我呢，或许她也喜欢你,1609060404459
850,谢谢,1609060366217
851,谢谢,1609060361130
852,爱过，不再爱别人了。,1609060350570
853,"大雾四起，我在无人处爱你
大雾散尽，我爱你随之而散",1609060297456
854,如果我的爱让你感到压力，那么我选择独自承受。,1609060290841
855,雾都散了，不止是雾,1609060215290
856,我不怪你 我怪大雾四起.,1609060182715
857,这世间皆苦，明目张胆的偏爱，才是救赎,1609060145034
858,只是恰好喜欢的人是她,1609060113706
859,遇到互相喜欢的人不容易呀要999999,1609060109129
860,正因为经历过，才能理解。祝你们幸福！,1609060089250
861,99,1609060085346
862,我希望这是真的，可是我不敢问她，我怕她会对我反感。有时候，能待在她身边也是很幸运的吧。,1609060057408
863,"“后来春雨落汴京，只君一人雨中停”
希望我们来日方长",1609059984155
864,祝你们幸福💜,1609059982891
865,你们好像啊，以至于我每次看他时，总能想到你,1609059960880
866,那个是鲸溺吗,1609059959481
867,她就一口一个老婆叫着我。我不知道她是在开玩笑还是认真的。我很害怕。。。,1609059954538
868,[亲亲],1609059912942
869,我也是女孩子。我在9月的时候和她相遇，我们是很好的朋友，我也是，我发现我对她有了感觉，可是我很害怕，我怕失去她，一个男孩子，突然有一天问我:我和他到底是闺蜜还是cp？我当时愣住了，我装着追着他打。她问我，我在干什么？我说那个男孩子嗑我们俩cp，结果她就问我是攻还是受。后来我不回答,1609059904752
870,云雾散尽，我爱你由始至终,1609059884265
871,你不喜欢我，那我偷偷喜欢你好了,1609059844939
872,年年吹风 风吹年年 慢慢即漫漫 漫慢皆真情,1609059833085
873,大雾四起遮起了我对你的爱意。 我不怪你，我怪大雾四起。,1609059770380
874,我会在每一个有意义的时刻远隔山海祝你快乐。,1609059758625
875,就这样不吵不闹安安静静的就好，让故事终止在这个冬天吧 我是说 我们没有错过 是结束了。,1609059723404
876,祝99,1609059688868
877,祝你幸福。,1609059661918
878,意难平再难平也得平啊,1609059625100
879,谢谢,1609059608187
880,他是如此的优秀，以至于我只能在旁边默默的看。,1609059607193
881,开场是那只孤独的alice，海里再没有一只和它相同频率的鲸鱼🐳,1609059598778
882,好，谢谢！,1609059587749
883,我希望我自己是这个样子的，但是我没有这个勇气，我的爱意永远都是藏在心里，永远放在那个阴冷的角落，就连我喜欢的人都感受不到，还记得前任在分手时和我说:我觉得你并不是很喜欢我。但他却不知道我哭了整个晚上,1609059577147
884,我不想用短暂的喜欢打扰你的生活 所以我在尽我所能到做些事情 告诉你我会一直喜欢你 我和其他人不一样,1609059496613
885,山赶着山 山山漫漫结成关 人赶着人 人人草草尽走散,1609059496092
886,救命 有些咋那么非  ,1609059490796
887,好听！！,1609059453912
888,"我喜欢你

唐秀嘉。",1609059403994
889,这个圈子就是谁厉害舔谁 谁有钱和谁玩 看谁人多就上去处关系 朋友掰了就到处说坏话 我被众人推倒了的时候你也记得推我一把 别因为我挨骂。,1609059397174
890,我也会有人喜欢的吧,1609059339600
891,可公主也要穿高跟鞋。,1609059327088
892,"车窗起雾 我写的你名字
最后雾散了 我们也散了",1609059280993
893,跌倒又爬起 山岭静悄悄,1609059239265
894,书好好读 喜欢的人好好追,1609059205616
895,一个人的安静，和有你的热闹,1609059193662
896,听歌可以，千万别看网易云的评论🌚🌚,1609059190109
897,祝你成功,1609059129451
898,好奇怪啊，零碎的岛屿真的能找到海吗.,1609059024666
899,"明天穿校服知道么？”他打电话给她。
“知道了...”她有些不耐烦，“婆婆妈妈的...”
第二天。
“你耍我！”她发现校园里没有一个人穿校服。
“只是想穿情侣装了...”他指了指自己身上的校服笑得很阳光。",1609058950568
900,一直在一起！,1609058946886
901,无底线的迎合像是站在大雾里，自己都看不清自己,1609058920028
902,鲸的叫声好孤独啊 像我一样,1609058896785
903,"“如果穿高跟鞋磨脚”
“脱下来，换上小熊袜子”
“我的意思是”
“做女王累了”
“就做我的公主”",1609058884305
904,他忙着生活抽空爱你。你忙着爱他抽空生活。没必要。,1609058819750
905,两个女生很累，还是没能坚持下来，大雾散去，人尽皆知我爱你,1609058812702
906,你的眼中泛起了大雾，看不清我喜欢你。,1609058783843
907,放过看了大雾,1609058777023
908,加油，爱不弥漫于世故,1609058762306
909,鲸落声音，真的很伤感。,1609058761352
910,新的一年，今年在你在多意难平，我都要平下来,1609058758197
911,你一定要幸福，不要害怕流言蜚语，要相信，结局一定是美好而光明，在能放肆爱和大胆拥抱的时光里尽情去爱吧，即使不知道结局会怎样，最后，祝99。,1609058738289
912,"“大雾四起遮住了我对你的爱意,我不怪你,怪大雾四起”",1609058725922
913,门铃我也按过了，门我也敲过了。无人回应，我也不会回头了,1609058725142
914,我也是但是加油,1609058700718
915,嗯嗯[憨笑],1609058682680
916,那个年纪她常常雾里看花 看不透彻,1609058657679
917,"还好遇到你时
恰好大雾四起弥漫住我的眼睛
遮盖住我不该出现的爱意",1609058639163
918,很奇怪，热闹后都觉得好累。,1609058639094
919,大雾四起遮住我对你的爱意我不怪你我怪大雾四起.,1609058633914
920,希望我以后还能和你一起在风里微笑,1609058548622
921,祝你幸福，性别不是问题,1609058531425
922,爱了爱了,1609058455841
923,会的,1609058407856
924,我祝你的女孩99啦,1609058401856
925,lzk我在2020遇到了你，你带给我好多好多快乐，让我重新快乐起来，希望2020结尾和2021的开头你都在 不会离开,1609058397390
926,雾.,1609058378432
927,大雾四起，他在无人处爱他,1609058368798
928,但凡我能多那么一点走向你的勇气，也不至于自怨自艾。,1609058339198
929,如果 她能等等我 就好了,1609058316705
930,我爱浅忆555,1609058283765
931,想象到了，感觉好难受，那是他不爱我的细节,1609058270139
932,我和我的女孩儿祝福你们,1609058227261
933,"只是有
一点点而已",1609058219795
934,有点点累,1609058198977
935,要好好在一起，世俗配不上这么美好的爱情,1609058180051
936,"请问你快乐吗？
最好的爱是不打扰还是不放弃",1609058158837
937,“我心中有片世外桃源，水木清华，百卉千葩。而你，就住在那里”,1609058145506
938,"我这份藏在心底的爱意终究还是止于心酸
This hidden love in my heart is still sad after all",1609058142326
939,给作曲浅逸劳斯打call，太好听辣,1609058128810
940,我是一个高三的学生，我一定要努力考上清华大学,1609058122678
941,谢谢,1609058075588
942,？！你的室友神仙爱情！说个99啦，谢谢哦！她高三考完来找我,1609058070849
943,这次我站在雾里 连自己都看不清 原来执着了太久的东西本就失去了意义.,1609058012314
944,祝你早日娶到你家小朋友，99啦，你们要在明证局哦,1609058009283
945,99999,1609057982426
946,？哈哈哈哈哈，行，谢谢,1609057968253
947,jyh，今天我又想你了,1609057917045
948,大雾四起 我在无人处爱你,1609057867377
949,早上听到同事唱了一句我喜欢你……下午就听到这首歌了,1609057810196
950,不怪你 怪大雾四起,1609057668364
951,大雾散去我在人群中爱你,1609057615368
952,他所以的不主动，都是因为不喜欢你。                                                  你往细节一看，喜欢和不喜欢太明显。,1609057563657
953,要一直一直在一起哦，我也是个女孩子我也在等我的女孩子,1609057439962
954,总时长2分14秒，2·14我爱你,1609057393025
955,周遭大雾四起，我在无人处爱你,1609057377163
956,后来我终于明白了这句话：一个男孩爱不爱你并不是看他情绪好是对你有多好.而是看他情绪差时对你的态度,1609057354972
957,要怪就只能怪你的爱意太浅啦 连雾都能把你的爱意遮挡,1609057354007
958,你的爱意藏的好深，深到我完全看不到…,1609057325995
959,我真的看不清自己对你是一种什么样的情感，我怕没办法回应你对等的感情，就别继续了，就到这里为止吧,1609057325389
960,我不确定是否会有大雾散尽的那天,1609057324490
961,好好听啊，爱了爱了,1609057317903
962,后来车窗上起雾 我不知道改写谁的名字.,1609057317114
963,鲸落万物生,1609057310769
964,没关系的没关系的   我们来日方长,1609057285247
965,啊啊啊，我室友也是女的，也在光遇里找到了女朋友，追了好久那个女生才答应和她在一起，马上考完试她们就要奔现了，我室友去找她跨年，希望她们好好在一起，希望你们也是！爱与性别无关,1609057277501
966,对你的喜欢就是充满雾气,1609057235595
967,“爱因雾起亦因雾散。”,1609057190470
968,"我喜欢她 她好像懂了 可她不喜欢我 毕竟我没成绩没本事 长得也不好看
gl",1609057185735
969,故事都跟别人讲烂了 你还是没有回来,1609057147779
970,那那个人好幸福♡,1609057135739
971,她首先拨开了雾，我却还没准备好,1609057104787
972,祝99,1609057041234
973,大雾散去 人尽皆知我爱你@修橙之秋1910,1609057000516
974,还好大雾四起，没人知道歪腻,1609056994921
975,趁评论不是很多，我留下一句话，张阳，我爱你,1609056977785
976,网易云那么多歌不能听我也不知道为什么就是不想换别的听歌软件 默默听歌 到现在也十级 连个点赞过百的都没有,1609056977639
977,一定要99＋,1609056876870
978,遇到你后我手里的刀变成了小黄花,1609056854774
979,是和彤彤的49,1609056850370
980,一起加油 等着合法 我就把她娶回家 祝你也祝我,1609056830534
981,"偶然听歌的时候想到了他 知道他所有的账号都是辰弋 我开始在网易云账号用户搜索他 搜出来那么多同名而我只是看了一眼好像就找到了他
点开主页发现什么都很像他 我确定了是他 那天下午我听完了他的歌单 就好像听懂了他的歌单也听懂了他 果然喜欢心有灵犀 可是我们好像不该这样又好像只能这样。",1609056828553
982,大雾里寻你，小羊我是真的很喜欢你，我喜欢和你聊天，虽是隔着屏幕的友谊，但是你是最志同道合的朋友，我也是真的很喜欢你🥰希望天天 月月 年年 我有你，你有我,1609056803988
983,"大雾四起
你看不见我
看不见我对你的爱.",1609056797818
984,“Toi yeu ban ” 我爱你,1609056720022
985,心里有阵海啸 但对谁都没有说 还好大雾四起 藏匿难言爱意,1609056711512
986,拜托了 我好难受 我要去学习了,1609056710144
987,It doesn't matter    anyway I love more   I will never be angry with you   You can act like a child with me,1609056689553
988,祝她喜乐平安，得偿所愿,1609056686687
989,我还没看见你的模样，却先记住了你的心跳,1609056673699
990,我不自然 然后就被看见了 然后就被反应在网上了 我本来是无意的 我不知道我看评论会想到什么 好难受啊 求求你们别监视我了 就算看到我的不自然 也不要表现出来好不好,1609056666132
991,我跟我宝宝在一起379天呐 她是一个超级可爱的女孩纸 我要跟她在一起很久很久,1609056664030
992,星期四就是2020的最后一天了，多想跑去那儿找你，看看你啊，毕竟再见就是2021年了,1609056663257
993,好喜欢你 但是没有勇气告诉你,1609056624960
994,像是告白又像是告别,1609056621948
995,"可不可以再陪我浪费一会时间 我似乎陷的有点深 我还是想告诉你 bae ,In fact, I also described that I can like you so much  You are really too important to me  I love you very much and I often say it will become cheap   Remember to tell me if you have any boys you like   I will leave",1609056608444
996,“我不太喜欢在雾里被爱，因为那样我什么都看不见”,1609056566829
997,大雾四起 看不见你 只能偷偷在原地,1609056546215
998,我太怂了,1609056541358
999,我将在无人处爱你,1609056512514
1000,还好大雾四起,1609056427866
1001,这次，我站在雾中，却连自己都看不清,1609056390900
1002,我的爱不是大雾就能埋葬的,1609056386961
1003,嗯呐,1609056354409
1004,你太认真了，你不适合谈恋爱，你适合在路边贴钢化膜,1609056353759
1005,这次,1609056351378
1006,最后遗憾的是，我说了违心的话，你竟然还顺我的意,1609056326865
1007,他很好，他有前程，我没有他。,1609056315003
1008,如果可以 我也想弄的人尽皆知 想谈的轰轰烈烈 想不记结果不想未来告诉所有人我就是喜欢你我就是爱上了一个越南的女孩子 可是事实上你的名字我不能拿来拒绝别人 因为mei别人会听不懂,1609056284544
1009,恶心的是我真的遇到了给我钱给我礼物 愿意陪我带我吃喝 不气我处处让着我的人时 但我拿不出我热情的爱来回应,1609056272301
1010,祝你们幸福✨✨,1609056260050
1011,会有一天你会明白我的心,1609056240035
1012,大雾四起，我在无人处爱你。,1609056239939
1013,大雾四起 偷偷藏匿。,1609056239356
1014,对不起 是我不会爱 也不值得被爱,1609056220368
1015,大雾四起@阿丽今天也很无聊,1609056206602
1016,如果没有这些纷纷扰扰，我一定不顾一切奔向你,1609056199064
1017,“愿我们在硝烟尽散的世界里相遇.”,1609056175913
1018,大雾消散曾经我爱你人尽皆知,1609056156672
1019,“我曾逆风而上，只因你在山顶”,1609056142294
